,RMSE,MAE,MAPE
lightgbm,3.6143745469603115,2.6394685932434245,0.3575645317636192
random_forest,1.763549780184179,1.1923276141846013,0.15790618903170692
gradient_boosting,1.9379297040714725,1.4351103833340695,0.18977110698226693
ensemble,2.076679392006832,1.5206802228521619,0.2044240700013482
